{
  "openapi": "3.0.1",
  "info": {
    "title": "Sales 360",
    "description": "Sales 360.",
    "contact": {
      "name": "Harini Kudumula",
      "url": "https://dev.azure.com/publix-retail/Point%20of%20Sale",
      "email": "Harini.Kudumula@publix.com"
    },
    "version": "0.0.1",
    "x-api-id": "urn:uuid:373165c7-7169-4ffc-9ec3-da9d439431e3",
    "x-audience": "business-unit-internal",
    "x-data-classification": "sensitive"
  },
  "servers": [
    {
      "url": "http://localhost:53656"
    }
  ],
  "paths": {
    "/sales-transactions/search": {
      "post": {
        "tags": [
          "Transaction"
        ],
        "summary": "Return the sales transactions based on list of transactionIds.",
        "requestBody": {
          "description": "",
          "content": {
            "application/json": {
              "schema": {
                "$ref": "#/components/schemas/SalesTransactionSearch"
              }
            }
          }
        },
        "responses": {
          "200": {
            "description": "Return the sales transactions.",
            "content": {
              "application/json": {
                "schema": {
                  "$ref": "#/components/schemas/SalesTransactionSearchResponse"
                }
              }
            }
          },
          "400": {
            "description": "Bad request."
          }
        }
      }
    },
    "/sales-transactions/{transactionId}": {
      "get": {
        "tags": [
          "Transaction"
        ],
        "summary": "Return the sales transaction based on transactionId.",
        "description": "Sample request:\r\n            \r\n    Get /sales-transactions/202021",
        "parameters": [
          {
            "name": "transactionId",
            "in": "path",
            "required": true,
            "schema": {
              "type": "string"
            }
          }
        ],
        "responses": {
          "200": {
            "description": "Return the sales transaction.",
            "content": {
              "application/json": {
                "schema": {
                  "$ref": "#/components/schemas/SalesTransaction"
                }
              }
            }
          },
          "400": {
            "description": "Bad request."
          },
          "422": {
            "description": "Sales transaction not found."
          }
        }
      }
    }
  },
  "components": {
    "schemas": {
      "AgeChecks": {
        "type": "object",
        "properties": {
          "ageRestrictionGroup": {
            "type": "string",
            "nullable": true
          },
          "isAgeCheckBypassedFlag": {
            "type": "boolean"
          },
          "birthDate": {
            "type": "string",
            "format": "date",
            "nullable": true,
            "example": "2014-03-22"
          },
          "customerAge": {
            "type": "integer",
            "format": "int32"
          }
        },
        "additionalProperties": false
      },
      "CouponDatabar": {
        "type": "object",
        "properties": {
          "databarApplicationId": {
            "type": "string",
            "nullable": true
          },
          "databarPrimaryCompanyPrefix": {
            "type": "string",
            "nullable": true
          },
          "databarPrimaryFamilyCode": {
            "type": "integer",
            "format": "int32"
          },
          "databarPrimaryPurchaseRequirement": {
            "type": "integer",
            "format": "int32"
          },
          "databarPrimaryPurchaseRequirementCode": {
            "type": "integer",
            "format": "int32"
          },
          "databarOfferCode": {
            "type": "integer",
            "format": "int32"
          },
          "databarSaveValue": {
            "type": "string",
            "nullable": true
          },
          "databarAdditionalPurchaseRules": {
            "type": "integer",
            "format": "int32"
          },
          "databarExpirationDate": {
            "type": "string",
            "format": "date",
            "nullable": true,
            "example": "2014-03-22"
          },
          "databarStartDate": {
            "type": "string",
            "format": "date",
            "nullable": true,
            "example": "2014-03-22"
          },
          "databarSecondCompanyPrefix": {
            "type": "string",
            "nullable": true
          },
          "databarSecondFamilyCode": {
            "type": "integer",
            "format": "int32"
          },
          "databarSecondPurchaseRequirement": {
            "type": "integer",
            "format": "int32"
          },
          "databarSecondPurchaseRequirementCode": {
            "type": "integer",
            "format": "int32"
          },
          "databarThirdCompanyPrefix": {
            "type": "string",
            "nullable": true
          },
          "databarThirdFamilyCode": {
            "type": "integer",
            "format": "int32"
          },
          "databarThirdPurchaseRequirement": {
            "type": "integer",
            "format": "int32"
          },
          "databarThirdPurchaseRequirementCode": {
            "type": "integer",
            "format": "int32"
          },
          "databarSerialNumber": {
            "type": "string",
            "nullable": true
          },
          "databarRetailerCompanyPrefix": {
            "type": "string",
            "nullable": true
          },
          "databarSaveValueCode": {
            "type": "integer",
            "format": "int32"
          },
          "databarSaveValueAppliesTo": {
            "type": "integer",
            "format": "int32"
          },
          "isDatabarStoreCouponFlag": {
            "type": "boolean"
          },
          "isDatabarMultiplyAllowedFlag": {
            "type": "boolean"
          },
          "databarIncentiveData": {
            "type": "string",
            "nullable": true
          }
        },
        "additionalProperties": false
      },
      "CouponItems": {
        "type": "object",
        "properties": {
          "couponItemId": {
            "type": "string",
            "nullable": true
          }
        },
        "additionalProperties": false
      },
      "Coupons": {
        "type": "object",
        "properties": {
          "couponType": {
            "type": "string",
            "nullable": true
          },
          "isCouponDigitalFlag": {
            "type": "boolean"
          },
          "isCouponVoidFlag": {
            "type": "boolean"
          },
          "couponAmount": {
            "type": "string",
            "format": "decimal",
            "nullable": true,
            "example": "40.99"
          },
          "isCouponAmountManualEntryFlag": {
            "type": "boolean",
            "format": "decimal",
            "example": "40.99"
          },
          "couponItems": {
            "type": "array",
            "items": {
              "$ref": "#/components/schemas/CouponItems"
            },
            "nullable": true
          },
          "couponDatabar": {
            "$ref": "#/components/schemas/CouponDatabar"
          }
        },
        "additionalProperties": false
      },
      "CustomerSelfIdentifications": {
        "type": "object",
        "properties": {
          "customerId": {
            "type": "string",
            "nullable": true
          },
          "customerIdEntryMode": {
            "type": "integer",
            "format": "int32"
          },
          "isUsedForDigitalPromotionsFlag": {
            "type": "boolean"
          }
        },
        "additionalProperties": false
      },
      "Discounts": {
        "type": "object",
        "properties": {
          "tranDiscountAmount": {
            "type": "string",
            "format": "decimal",
            "nullable": true,
            "example": "40.99"
          },
          "tranDiscountType": {
            "type": "string",
            "nullable": true
          },
          "tranDiscountItemId": {
            "type": "string",
            "nullable": true
          }
        },
        "additionalProperties": false
      },
      "Events": {
        "type": "object",
        "properties": {
          "eventType": {
            "type": "string",
            "nullable": true
          }
        },
        "additionalProperties": false
      },
      "EWicItems": {
        "type": "object",
        "properties": {
          "eWicItemUpc": {
            "type": "string",
            "nullable": true
          },
          "eWicItemCategory": {
            "type": "integer",
            "format": "int32"
          },
          "eWicItemSubCategory": {
            "type": "integer",
            "format": "int32"
          },
          "eWicItemPrice": {
            "type": "string",
            "format": "decimal",
            "nullable": true,
            "example": "40.99"
          },
          "eWicItemApprovedPrice": {
            "type": "string",
            "format": "decimal",
            "nullable": true,
            "example": "40.99"
          },
          "eWicItemCount": {
            "type": "string",
            "nullable": true
          },
          "isEWicItemPluIndicator": {
            "type": "boolean"
          }
        },
        "additionalProperties": false
      },
      "IssuedRainchecks": {
        "type": "object",
        "properties": {
          "raincheckId": {
            "type": "string",
            "nullable": true
          }
        },
        "additionalProperties": false
      },
      "ItemGiftcard": {
        "type": "object",
        "properties": {
          "giftcardNumberActivated": {
            "type": "string",
            "nullable": true
          },
          "giftcardAuthorizationId": {
            "type": "string",
            "nullable": true
          },
          "giftcardReferenceId": {
            "type": "string",
            "nullable": true
          }
        },
        "additionalProperties": false
      },
      "ItemPackage": {
        "type": "object",
        "properties": {
          "packageWeight": {
            "type": "string",
            "nullable": true
          },
          "packageExtendedPrice": {
            "type": "string",
            "format": "decimal",
            "nullable": true,
            "example": "40.99"
          },
          "packageQuantity": {
            "type": "integer",
            "format": "int32"
          },
          "packagePackagingDate": {
            "type": "string",
            "format": "date",
            "nullable": true,
            "example": "2014-03-22"
          },
          "packageSellByDate": {
            "type": "string",
            "format": "date",
            "nullable": true,
            "example": "2014-03-22"
          },
          "packageExpiryDate": {
            "type": "string",
            "format": "date",
            "nullable": true,
            "example": "2014-03-22"
          },
          "packageProductionDate": {
            "type": "string",
            "format": "date",
            "nullable": true,
            "example": "2014-03-22"
          },
          "packageBatchLotNumber": {
            "type": "integer",
            "format": "int64"
          },
          "packageSerialNumber": {
            "type": "integer",
            "format": "int64"
          },
          "packageCountryOfOrigin": {
            "type": "string",
            "nullable": true
          },
          "itemPackageItems": {
            "type": "array",
            "items": {
              "$ref": "#/components/schemas/ItemPackageItems"
            },
            "nullable": true
          }
        },
        "additionalProperties": false
      },
      "ItemPackageItems": {
        "type": "object",
        "properties": {
          "packageItemId": {
            "type": "string",
            "nullable": true
          },
          "packageItemWeight": {
            "type": "string",
            "nullable": true
          },
          "packageItemExpiryDate": {
            "type": "string",
            "format": "date",
            "nullable": true,
            "example": "2014-03-22"
          }
        },
        "additionalProperties": false
      },
      "ItemPriceOverride": {
        "type": "object",
        "properties": {
          "itemPriceOriginal": {
            "type": "string",
            "format": "decimal",
            "nullable": true,
            "example": "40.99"
          },
          "itemPriceNew": {
            "type": "string",
            "format": "decimal",
            "nullable": true,
            "example": "40.99"
          },
          "itemMsuOriginal": {
            "type": "string",
            "nullable": true
          },
          "itemMsuNew": {
            "type": "string",
            "nullable": true
          },
          "itemPriceOverrideReasoncode": {
            "type": "string",
            "format": "decimal",
            "nullable": true,
            "example": "40.99"
          }
        },
        "additionalProperties": false
      },
      "ItemPromotions": {
        "type": "object",
        "properties": {
          "mixMatchId": {
            "type": "integer",
            "format": "int32"
          },
          "promotionId": {
            "type": "integer",
            "format": "int64"
          },
          "priceMethod": {
            "type": "string",
            "format": "decimal",
            "nullable": true,
            "example": "40.99"
          },
          "rewardType": {
            "type": "integer",
            "format": "int32"
          },
          "dealPrice": {
            "type": "string",
            "format": "decimal",
            "nullable": true,
            "example": "40.99"
          },
          "dealQuantity": {
            "type": "integer",
            "format": "int32"
          },
          "itemDiscountAmount": {
            "type": "string",
            "format": "decimal",
            "nullable": true,
            "example": "40.99"
          },
          "availPromoMixMatchId": {
            "type": "integer",
            "format": "int32"
          },
          "availPromoMSU": {
            "type": "string",
            "nullable": true
          },
          "availPromotionId": {
            "type": "string",
            "nullable": true
          },
          "availPromoPriceMethod": {
            "type": "string",
            "format": "decimal",
            "nullable": true,
            "example": "40.99"
          },
          "availPromoRewardType": {
            "type": "string",
            "nullable": true
          },
          "availPromoThresholdQty": {
            "type": "integer",
            "format": "int32"
          },
          "isPromotionApplied": {
            "type": "boolean"
          }
        },
        "additionalProperties": false
      },
      "ItemPurchases": {
        "type": "object",
        "properties": {
          "purchaseTransactionId": {
            "type": "string",
            "nullable": true
          },
          "purchaseItemSequenceNo": {
            "type": "integer",
            "format": "int32"
          }
        },
        "additionalProperties": false
      },
      "ItemRefunds": {
        "type": "object",
        "properties": {
          "refundTransactionId": {
            "type": "string",
            "nullable": true
          },
          "refundItemSequenceNo": {
            "type": "integer",
            "format": "int32"
          }
        },
        "additionalProperties": false
      },
      "ItemRx": {
        "type": "object",
        "properties": {
          "rxNumber": {
            "type": "string",
            "nullable": true
          },
          "rxFill": {
            "type": "string",
            "nullable": true
          },
          "rxPartialFill": {
            "type": "string",
            "nullable": true
          }
        },
        "additionalProperties": false
      },
      "ItemTare": {
        "type": "object",
        "properties": {
          "itemWeight": {
            "type": "string",
            "nullable": true
          },
          "tareWeight": {
            "type": "string",
            "nullable": true
          },
          "isTareWeightManualFlag": {
            "type": "boolean"
          }
        },
        "additionalProperties": false
      },
      "ItemTaxes": {
        "type": "object",
        "properties": {
          "itemTaxPlanId": {
            "type": "integer",
            "format": "int32"
          },
          "itemTaxAmount": {
            "type": "string",
            "format": "decimal",
            "nullable": true,
            "example": "40.99"
          },
          "itemTaxDiscountAmount": {
            "type": "string",
            "format": "decimal",
            "nullable": true,
            "example": "40.99"
          }
        },
        "additionalProperties": false
      },
      "LineItems": {
        "type": "object",
        "properties": {
          "lineItemCategory": {
            "type": "string",
            "nullable": true
          },
          "itemId": {
            "type": "string",
            "nullable": true
          },
          "itemDescription": {
            "type": "string",
            "nullable": true
          },
          "itemSubdepartmentId": {
            "type": "integer",
            "format": "int32"
          },
          "itemUom": {
            "type": "string",
            "nullable": true
          },
          "itemUnitPrice": {
            "type": "string",
            "format": "decimal",
            "nullable": true,
            "example": "40.99"
          },
          "itemMsu": {
            "type": "integer",
            "format": "int32"
          },
          "itemPrice": {
            "type": "string",
            "format": "decimal",
            "nullable": true,
            "example": "40.99"
          },
          "isPriceManuallyEnteredFlag": {
            "type": "boolean",
            "format": "decimal",
            "example": "40.99"
          },
          "isManualPriceEntryAllowedFlag": {
            "type": "boolean",
            "format": "decimal",
            "example": "40.99"
          },
          "itemQuantity": {
            "type": "string",
            "nullable": true
          },
          "itemWeight": {
            "type": "string",
            "nullable": true
          },
          "itemTransactionType": {
            "type": "string",
            "nullable": true
          },
          "itemLocateMode": {
            "type": "string",
            "nullable": true
          },
          "isItemVoidFlag": {
            "type": "boolean"
          },
          "isItemPrescriptionFlag": {
            "type": "boolean"
          },
          "isItemCouponAppliedFlag": {
            "type": "boolean"
          },
          "isItemRestrictedFlag": {
            "type": "boolean"
          },
          "isItemFoodStampsAllowedFlag": {
            "type": "boolean"
          },
          "isItemNonMerchandiseFlag": {
            "type": "boolean"
          },
          "isItemTaxExemptedFlag": {
            "type": "boolean"
          },
          "itemNonPromoPrice": {
            "type": "string",
            "format": "decimal",
            "nullable": true,
            "example": "40.99"
          },
          "itemSequenceNo": {
            "type": "integer",
            "format": "int32"
          },
          "itemTaxes": {
            "type": "array",
            "items": {
              "$ref": "#/components/schemas/ItemTaxes"
            },
            "nullable": true
          },
          "itemTare": {
            "$ref": "#/components/schemas/ItemTare"
          },
          "itemPriceOverride": {
            "$ref": "#/components/schemas/ItemPriceOverride"
          },
          "redeemedRainchecks": {
            "type": "array",
            "items": {
              "$ref": "#/components/schemas/RedeemedRainchecks"
            },
            "nullable": true
          },
          "itemPromotions": {
            "type": "array",
            "items": {
              "$ref": "#/components/schemas/ItemPromotions"
            },
            "nullable": true
          },
          "itemPurchases": {
            "type": "array",
            "items": {
              "$ref": "#/components/schemas/ItemPurchases"
            },
            "nullable": true
          },
          "itemRefunds": {
            "type": "array",
            "items": {
              "$ref": "#/components/schemas/ItemRefunds"
            },
            "nullable": true
          },
          "itemRefundPrices": {
            "type": "array",
            "items": {
              "type": "string"
            },
            "format": "decimal",
            "nullable": true,
            "example": "40.99"
          },
          "itemGiftcard": {
            "$ref": "#/components/schemas/ItemGiftcard"
          },
          "itemPackage": {
            "$ref": "#/components/schemas/ItemPackage"
          },
          "itemRx": {
            "$ref": "#/components/schemas/ItemRx"
          }
        },
        "additionalProperties": false
      },
      "Overrides": {
        "type": "object",
        "properties": {
          "overrideSupervisorId": {
            "type": "integer",
            "format": "int32"
          },
          "overrideType": {
            "type": "integer",
            "format": "int32"
          },
          "itemId": {
            "type": "string",
            "nullable": true
          }
        },
        "additionalProperties": false
      },
      "ReceiptDetail": {
        "type": "object",
        "properties": {
          "receiptId": {
            "type": "string",
            "nullable": true
          },
          "receiptHeaderSection1": {
            "type": "string",
            "nullable": true
          },
          "receiptHeaderSection2": {
            "type": "string",
            "nullable": true
          },
          "receiptHeaderSection3": {
            "type": "string",
            "nullable": true
          },
          "receiptHeaderSection4": {
            "type": "string",
            "nullable": true
          },
          "receiptHeaderSection5": {
            "type": "string",
            "nullable": true
          },
          "receiptHeaderSection6": {
            "type": "string",
            "nullable": true
          },
          "receiptFooterSection1": {
            "type": "string",
            "nullable": true
          },
          "receiptFooterSection2": {
            "type": "string",
            "nullable": true
          },
          "receiptFooterSection3": {
            "type": "string",
            "nullable": true
          },
          "receiptFooterSection4": {
            "type": "string",
            "nullable": true
          },
          "receiptFooterSection5": {
            "type": "string",
            "nullable": true
          },
          "receiptFooterSection6": {
            "type": "string",
            "nullable": true
          }
        },
        "additionalProperties": false
      },
      "RedeemedRainchecks": {
        "type": "object",
        "properties": {
          "raincheckId": {
            "type": "string",
            "nullable": true
          },
          "itemPriceOriginal": {
            "type": "string",
            "format": "decimal",
            "nullable": true,
            "example": "40.99"
          },
          "itemPriceNew": {
            "type": "string",
            "format": "decimal",
            "nullable": true,
            "example": "40.99"
          },
          "itemMsuOriginal": {
            "type": "string",
            "nullable": true
          },
          "itemMsuNew": {
            "type": "string",
            "nullable": true
          }
        },
        "additionalProperties": false
      },
      "SalesTransaction": {
        "type": "object",
        "properties": {
          "id": {
            "type": "string",
            "nullable": true
          },
          "transactionId": {
            "type": "string",
            "nullable": true
          },
          "schemaVersion": {
            "type": "string",
            "nullable": true
          },
          "eventId": {
            "type": "string",
            "nullable": true
          },
          "eventType": {
            "type": "string",
            "nullable": true
          },
          "transactionBusinessDate": {
            "type": "string",
            "format": "date",
            "nullable": true,
            "example": "2014-03-22"
          },
          "transactionDatetimeLocal": {
            "type": "string",
            "format": "date-time",
            "nullable": true,
            "example": "2021-01-07T15:48:20.0000000-05:00"
          },
          "transactionDatetimeUtc": {
            "type": "string",
            "format": "date-time",
            "nullable": true,
            "example": "1994-11-05T13:15:30Z"
          },
          "isTransactionVoidFlag": {
            "type": "boolean"
          },
          "isTransactionSavedFlag": {
            "type": "boolean"
          },
          "isTransactionTrainingFlag": {
            "type": "boolean"
          },
          "isSyntheticFlag": {
            "type": "boolean"
          },
          "sourceSystemId": {
            "type": "integer",
            "format": "int32"
          },
          "transactionAssociation": {
            "$ref": "#/components/schemas/TransactionAssociation"
          },
          "transactionSummary": {
            "$ref": "#/components/schemas/TransactionSummary"
          },
          "customerSelfIdentifications": {
            "type": "array",
            "items": {
              "$ref": "#/components/schemas/CustomerSelfIdentifications"
            },
            "nullable": true
          },
          "receiptDetail": {
            "$ref": "#/components/schemas/ReceiptDetail"
          },
          "overrides": {
            "type": "array",
            "items": {
              "$ref": "#/components/schemas/Overrides"
            },
            "nullable": true
          },
          "events": {
            "type": "array",
            "items": {
              "$ref": "#/components/schemas/Events"
            },
            "nullable": true
          },
          "ageChecks": {
            "type": "array",
            "items": {
              "$ref": "#/components/schemas/AgeChecks"
            },
            "nullable": true
          },
          "issuedRainchecks": {
            "type": "array",
            "items": {
              "$ref": "#/components/schemas/IssuedRainchecks"
            },
            "nullable": true
          },
          "unknownLineItems": {
            "type": "array",
            "items": {
              "$ref": "#/components/schemas/UnknownLineItems"
            },
            "nullable": true
          },
          "lineItems": {
            "type": "array",
            "items": {
              "$ref": "#/components/schemas/LineItems"
            },
            "nullable": true
          },
          "discounts": {
            "type": "array",
            "items": {
              "$ref": "#/components/schemas/Discounts"
            },
            "nullable": true
          },
          "coupons": {
            "type": "array",
            "items": {
              "$ref": "#/components/schemas/Coupons"
            },
            "nullable": true
          },
          "taxes": {
            "type": "array",
            "items": {
              "$ref": "#/components/schemas/Taxes"
            },
            "nullable": true
          },
          "tenders": {
            "type": "array",
            "items": {
              "$ref": "#/components/schemas/Tenders"
            },
            "nullable": true
          }
        },
        "additionalProperties": false
      },
      "SalesTransactionInfo": {
        "type": "object",
        "properties": {
          "transactionId": {
            "type": "string",
            "nullable": true
          },
          "statusCode": {
            "type": "string",
            "nullable": true
          },
          "errorMessage": {
            "type": "string",
            "nullable": true
          },
          "data": {
            "$ref": "#/components/schemas/SalesTransaction"
          }
        },
        "additionalProperties": false
      },
      "SalesTransactionSearch": {
        "type": "object",
        "properties": {
          "searchRequestId": {
            "type": "string",
            "nullable": true
          },
          "transactionIds": {
            "type": "array",
            "items": {
              "type": "string"
            },
            "nullable": true
          }
        },
        "additionalProperties": false
      },
      "SalesTransactionSearchResponse": {
        "type": "object",
        "properties": {
          "searchRequestId": {
            "type": "string",
            "nullable": true
          },
          "transactions": {
            "type": "array",
            "items": {
              "$ref": "#/components/schemas/SalesTransactionInfo"
            },
            "nullable": true
          }
        },
        "additionalProperties": false
      },
      "Sources": {
        "type": "object",
        "properties": {
          "source": {
            "type": "string",
            "nullable": true
          }
        },
        "additionalProperties": false
      },
      "Taxes": {
        "type": "object",
        "properties": {
          "taxPlanId": {
            "type": "integer",
            "format": "int32"
          },
          "taxableAmount": {
            "type": "string",
            "format": "decimal",
            "nullable": true,
            "example": "40.99"
          },
          "taxAmount": {
            "type": "string",
            "format": "decimal",
            "nullable": true,
            "example": "40.99"
          },
          "taxDiscountAmount": {
            "type": "string",
            "format": "decimal",
            "nullable": true,
            "example": "40.99"
          },
          "isTaxExemptedFlag": {
            "type": "boolean"
          }
        },
        "additionalProperties": false
      },
      "TenderEft": {
        "type": "object",
        "properties": {
          "eftToken": {
            "type": "string",
            "nullable": true
          },
          "eftCardType": {
            "type": "string",
            "nullable": true
          },
          "eftAccountNumber": {
            "type": "string",
            "nullable": true
          },
          "isEftTenderFsaFlag": {
            "type": "boolean"
          },
          "eftPaymentAccountReference": {
            "type": "string",
            "nullable": true
          },
          "eftTraceId": {
            "type": "string",
            "nullable": true
          },
          "eftAuthorizationId": {
            "type": "string",
            "nullable": true
          },
          "eftReferenceId": {
            "type": "string",
            "nullable": true
          }
        },
        "additionalProperties": false
      },
      "TenderEwic": {
        "type": "object",
        "properties": {
          "eWicState": {
            "type": "string",
            "nullable": true
          },
          "eWicItems": {
            "type": "array",
            "items": {
              "$ref": "#/components/schemas/EWicItems"
            },
            "nullable": true
          }
        },
        "additionalProperties": false
      },
      "Tenders": {
        "type": "object",
        "properties": {
          "tenderType": {
            "type": "integer",
            "format": "int32"
          },
          "tenderAmount": {
            "type": "string",
            "format": "decimal",
            "nullable": true,
            "example": "40.99"
          },
          "tenderFee": {
            "type": "string",
            "nullable": true
          },
          "isTenderIsChangeFlag": {
            "type": "boolean"
          },
          "isTenderVoidFlag": {
            "type": "boolean"
          },
          "isTenderRefundFlag": {
            "type": "boolean"
          },
          "tenderEft": {
            "$ref": "#/components/schemas/TenderEft"
          },
          "tenderEwic": {
            "$ref": "#/components/schemas/TenderEwic"
          }
        },
        "additionalProperties": false
      },
      "TransactionAssociation": {
        "type": "object",
        "properties": {
          "parentTransactionId": {
            "type": "string",
            "nullable": true
          },
          "isOriginalSourceTransactionFlag": {
            "type": "boolean"
          },
          "parentLaneId": {
            "type": "integer",
            "format": "int32"
          },
          "parentExternalOrderId": {
            "type": "string",
            "nullable": true
          }
        },
        "additionalProperties": false
      },
      "TransactionSummary": {
        "type": "object",
        "properties": {
          "transactionType": {
            "type": "string",
            "nullable": true
          },
          "fulfillmentStoreId": {
            "type": "integer",
            "format": "int32"
          },
          "laneId": {
            "type": "integer",
            "format": "int32"
          },
          "cashierId": {
            "type": "integer",
            "format": "int32"
          },
          "externalOrderId": {
            "type": "string",
            "nullable": true
          },
          "internalOrderId": {
            "type": "string",
            "nullable": true
          },
          "ringElapsedTime": {
            "type": "integer",
            "format": "int32"
          },
          "tenderElapsedTime": {
            "type": "integer",
            "format": "int32"
          },
          "idleElapsedTime": {
            "type": "integer",
            "format": "int32"
          },
          "lockElapsedTime": {
            "type": "integer",
            "format": "int32"
          },
          "fulfillmentDatetimeLocal": {
            "type": "string",
            "format": "date-time",
            "nullable": true,
            "example": "2021-01-07T15:48:20.0000000-05:00"
          },
          "fulfillmentDatetimeUtc": {
            "type": "string",
            "format": "date-time",
            "nullable": true,
            "example": "1994-11-05T13:15:30Z"
          },
          "totalPreTaxAmount": {
            "type": "string",
            "format": "decimal",
            "nullable": true,
            "example": "40.99"
          },
          "totalTaxAmount": {
            "type": "string",
            "format": "decimal",
            "nullable": true,
            "example": "40.99"
          },
          "totalAmount": {
            "type": "string",
            "format": "decimal",
            "nullable": true,
            "example": "40.99"
          },
          "sources": {
            "type": "array",
            "items": {
              "$ref": "#/components/schemas/Sources"
            },
            "nullable": true
          }
        },
        "additionalProperties": false
      },
      "UnknownLineItems": {
        "type": "object",
        "properties": {
          "itemId": {
            "type": "string",
            "nullable": true
          },
          "isScannedFlag": {
            "type": "boolean"
          }
        },
        "additionalProperties": false
      }
    }
  }
}