{
  "openapi": "3.0.1",
  "info": {
    "title": "Sales 360",
    "description": "Sales 360.",
    "contact": {
      "name": "Ringo Breton",
      "url": "https://dev.azure.com/publix-retail/Point%20of%20Sale",
      "email": "Ringo.Breton@publix.com"
    },
    "version": "v2",
    "x-api-id": "urn:uuid:373165c7-7169-4ffc-9ec3-da9d439431e3",
    "x-audience": "business-unit-internal",
    "x-data-classification": "sensitive"
  },
  "servers": [
    {
      "url": "http://localhost:53656"
    }
  ],
  "paths": {
    "/sales-transactions/search": {
      "post": {
        "tags": [
          "TransactionController_v2"
        ],
        "summary": "Return the sales transactions based on search criteria.",
        "requestBody": {
          "description": "",
          "content": {
            "application/json": {
              "schema": {
                "$ref": "#/components/schemas/SalesTransactionSearchByQueries"
              }
            }
          }
        },
        "responses": {
          "200": {
            "description": "Return the sales transactions.",
            "content": {
              "application/json": {
                "schema": {
                  "$ref": "#/components/schemas/SalesTransactionSearchByQueriesResponse"
                }
              }
            }
          },
          "400": {
            "description": "Bad request."
          }
        }
      }
    }
  },
  "components": {
    "schemas": {
      "CustomerSelfIdentifications": {
        "type": "object",
        "properties": {
          "CustomerId": {
            "type": "string",
            "nullable": true
          },
          "CustomerIdType": {
            "type": "integer",
            "format": "int32"
          },
          "CustomerIdCaptureReasonCode": {
            "type": "integer",
            "format": "int32"
          },
          "CustomerIdEntryMode": {
            "type": "integer",
            "format": "int32"
          },
          "IsUsedForDigitalPromotionsFlag": {
            "type": "boolean"
          }
        },
        "additionalProperties": false
      },
      "DateRange": {
        "type": "object",
        "properties": {
          "startdate": {
            "type": "string",
            "format": "date-time",
            "nullable": true
          },
          "enddate": {
            "type": "string",
            "format": "date-time",
            "nullable": true
          }
        },
        "additionalProperties": false
      },
      "EWicItems": {
        "type": "object",
        "properties": {
          "EWicItemUpc": {
            "type": "string",
            "nullable": true
          },
          "EWicItemCategory": {
            "type": "integer",
            "format": "int32"
          },
          "EWicItemSubCategory": {
            "type": "integer",
            "format": "int32"
          },
          "EWicItemPrice": {
            "type": "string",
            "format": "decimal",
            "nullable": true,
            "example": "40.99"
          },
          "EWicItemApprovedPrice": {
            "type": "string",
            "format": "decimal",
            "nullable": true,
            "example": "40.99"
          },
          "EWicItemCount": {
            "type": "string",
            "nullable": true
          },
          "IsEWicItemPluIndicator": {
            "type": "boolean"
          }
        },
        "additionalProperties": false
      },
      "ItemGiftcard": {
        "type": "object",
        "properties": {
          "GiftcardNumberActivated": {
            "type": "string",
            "nullable": true
          },
          "GiftcardAuthorizationId": {
            "type": "string",
            "nullable": true
          },
          "GiftcardReferenceId": {
            "type": "string",
            "nullable": true
          }
        },
        "additionalProperties": false
      },
      "ItemPackage": {
        "type": "object",
        "properties": {
          "PackageWeight": {
            "type": "string",
            "nullable": true
          },
          "PackageExtendedPrice": {
            "type": "string",
            "format": "decimal",
            "nullable": true,
            "example": "40.99"
          },
          "PackageQuantity": {
            "type": "integer",
            "format": "int32"
          },
          "PackagePackagingDate": {
            "type": "string",
            "format": "date",
            "nullable": true,
            "example": "2014-03-22"
          },
          "PackageSellByDate": {
            "type": "string",
            "format": "date",
            "nullable": true,
            "example": "2014-03-22"
          },
          "PackageExpiryDate": {
            "type": "string",
            "format": "date",
            "nullable": true,
            "example": "2014-03-22"
          },
          "PackageProductionDate": {
            "type": "string",
            "format": "date",
            "nullable": true,
            "example": "2014-03-22"
          },
          "PackageBatchLotNumber": {
            "type": "integer",
            "format": "int64"
          },
          "PackageSerialNumber": {
            "type": "integer",
            "format": "int64"
          },
          "PackageCountryOfOrigin": {
            "type": "string",
            "nullable": true
          },
          "ItemPackageItems": {
            "type": "array",
            "items": {
              "$ref": "#/components/schemas/ItemPackageItems"
            },
            "nullable": true
          }
        },
        "additionalProperties": false
      },
      "ItemPackageItems": {
        "type": "object",
        "properties": {
          "PackageItemId": {
            "type": "string",
            "nullable": true
          },
          "PackageItemWeight": {
            "type": "string",
            "nullable": true
          },
          "PackageItemExpiryDate": {
            "type": "string",
            "format": "date",
            "nullable": true,
            "example": "2014-03-22"
          }
        },
        "additionalProperties": false
      },
      "ItemPriceOverride": {
        "type": "object",
        "properties": {
          "ItemPriceOriginal": {
            "type": "string",
            "format": "decimal",
            "nullable": true,
            "example": "40.99"
          },
          "ItemPriceNew": {
            "type": "string",
            "format": "decimal",
            "nullable": true,
            "example": "40.99"
          },
          "ItemMsuOriginal": {
            "type": "string",
            "nullable": true
          },
          "ItemMsuNew": {
            "type": "string",
            "nullable": true
          },
          "ItemPriceOverrideReasoncode": {
            "type": "string",
            "format": "decimal",
            "nullable": true,
            "example": "40.99"
          }
        },
        "additionalProperties": false
      },
      "ItemPromotions": {
        "type": "object",
        "properties": {
          "MixMatchId": {
            "type": "integer",
            "format": "int32"
          },
          "PromotionId": {
            "type": "integer",
            "format": "int64"
          },
          "PriceMethod": {
            "type": "string",
            "format": "decimal",
            "nullable": true,
            "example": "40.99"
          },
          "RewardType": {
            "type": "integer",
            "format": "int32"
          },
          "DealPrice": {
            "type": "string",
            "format": "decimal",
            "nullable": true,
            "example": "40.99"
          },
          "DealQuantity": {
            "type": "integer",
            "format": "int32"
          },
          "ItemDiscountAmount": {
            "type": "string",
            "format": "decimal",
            "nullable": true,
            "example": "40.99"
          },
          "AvailPromoMixMatchId": {
            "type": "integer",
            "format": "int32"
          },
          "AvailPromoMSU": {
            "type": "string",
            "nullable": true
          },
          "AvailPromotionId": {
            "type": "string",
            "nullable": true
          },
          "AvailPromoPriceMethod": {
            "type": "string",
            "format": "decimal",
            "nullable": true,
            "example": "40.99"
          },
          "AvailPromoRewardType": {
            "type": "string",
            "nullable": true
          },
          "AvailPromoThresholdQty": {
            "type": "integer",
            "format": "int32"
          },
          "IsPromotionApplied": {
            "type": "boolean"
          }
        },
        "additionalProperties": false
      },
      "ItemPurchases": {
        "type": "object",
        "properties": {
          "PurchaseTransactionId": {
            "type": "string",
            "nullable": true
          },
          "PurchaseItemSequenceNo": {
            "type": "integer",
            "format": "int32"
          }
        },
        "additionalProperties": false
      },
      "ItemRefunds": {
        "type": "object",
        "properties": {
          "RefundTransactionId": {
            "type": "string",
            "nullable": true
          },
          "RefundItemSequenceNo": {
            "type": "integer",
            "format": "int32"
          }
        },
        "additionalProperties": false
      },
      "ItemRx": {
        "type": "object",
        "properties": {
          "RxNumber": {
            "type": "string",
            "nullable": true
          },
          "RxFill": {
            "type": "string",
            "nullable": true
          },
          "RxPartialFill": {
            "type": "string",
            "nullable": true
          }
        },
        "additionalProperties": false
      },
      "ItemTare": {
        "type": "object",
        "properties": {
          "ItemWeight": {
            "type": "string",
            "nullable": true
          },
          "TareWeight": {
            "type": "string",
            "nullable": true
          },
          "IsTareWeightManualFlag": {
            "type": "boolean"
          }
        },
        "additionalProperties": false
      },
      "ItemTaxes": {
        "type": "object",
        "properties": {
          "ItemTaxPlanId": {
            "type": "integer",
            "format": "int32"
          },
          "ItemTaxAmount": {
            "type": "string",
            "format": "decimal",
            "nullable": true,
            "example": "40.99"
          },
          "ItemTaxDiscountAmount": {
            "type": "string",
            "format": "decimal",
            "nullable": true,
            "example": "40.99"
          }
        },
        "additionalProperties": false
      },
      "LineItems": {
        "type": "object",
        "properties": {
          "LineItemCategory": {
            "type": "string",
            "nullable": true
          },
          "ItemId": {
            "type": "string",
            "nullable": true
          },
          "ItemSku": {
            "type": "string",
            "nullable": true
          },
          "ItemDescription": {
            "type": "string",
            "nullable": true
          },
          "ItemSubdepartmentId": {
            "type": "integer",
            "format": "int32"
          },
          "ItemUom": {
            "type": "string",
            "nullable": true
          },
          "ItemUnitPrice": {
            "type": "string",
            "format": "decimal",
            "nullable": true,
            "example": "40.99"
          },
          "ItemMsu": {
            "type": "integer",
            "format": "int32"
          },
          "ItemPrice": {
            "type": "string",
            "format": "decimal",
            "nullable": true,
            "example": "40.99"
          },
          "IsPriceManuallyEnteredFlag": {
            "type": "boolean",
            "format": "decimal",
            "example": "40.99"
          },
          "IsManualPriceEntryAllowedFlag": {
            "type": "boolean",
            "format": "decimal",
            "example": "40.99"
          },
          "ItemQuantity": {
            "type": "string",
            "nullable": true
          },
          "ItemWeight": {
            "type": "string",
            "nullable": true
          },
          "ItemTransactionType": {
            "type": "string",
            "nullable": true
          },
          "ItemLocateMode": {
            "type": "string",
            "nullable": true
          },
          "IsItemVoidFlag": {
            "type": "boolean"
          },
          "IsItemPrescriptionFlag": {
            "type": "boolean"
          },
          "IsItemCouponAppliedFlag": {
            "type": "boolean"
          },
          "IsItemRestrictedFlag": {
            "type": "boolean"
          },
          "IsItemFoodStampsAllowedFlag": {
            "type": "boolean"
          },
          "IsItemNonMerchandiseFlag": {
            "type": "boolean"
          },
          "IsItemTaxExemptedFlag": {
            "type": "boolean"
          },
          "ItemNonPromoPrice": {
            "type": "string",
            "format": "decimal",
            "nullable": true,
            "example": "40.99"
          },
          "ItemSequenceNo": {
            "type": "integer",
            "format": "int32"
          },
          "ItemTaxes": {
            "type": "array",
            "items": {
              "$ref": "#/components/schemas/ItemTaxes"
            },
            "nullable": true
          },
          "ItemTare": {
            "$ref": "#/components/schemas/ItemTare"
          },
          "ItemPriceOverride": {
            "$ref": "#/components/schemas/ItemPriceOverride"
          },
          "RedeemedRainchecks": {
            "type": "array",
            "items": {
              "$ref": "#/components/schemas/RedeemedRainchecks"
            },
            "nullable": true
          },
          "ItemPromotions": {
            "type": "array",
            "items": {
              "$ref": "#/components/schemas/ItemPromotions"
            },
            "nullable": true
          },
          "ItemPurchases": {
            "type": "array",
            "items": {
              "$ref": "#/components/schemas/ItemPurchases"
            },
            "nullable": true
          },
          "ItemRefunds": {
            "type": "array",
            "items": {
              "$ref": "#/components/schemas/ItemRefunds"
            },
            "nullable": true
          },
          "ItemRefundPrices": {
            "type": "array",
            "items": {
              "type": "string"
            },
            "format": "decimal",
            "nullable": true,
            "example": "40.99"
          },
          "ItemGiftcard": {
            "$ref": "#/components/schemas/ItemGiftcard"
          },
          "ItemPackage": {
            "$ref": "#/components/schemas/ItemPackage"
          },
          "ItemRx": {
            "$ref": "#/components/schemas/ItemRx"
          }
        },
        "additionalProperties": false
      },
      "PartialCardNumberQueryResponse": {
        "type": "object",
        "properties": {
          "statuscode": {
            "type": "string",
            "nullable": true
          },
          "errormessage": {
            "type": "string",
            "nullable": true
          },
          "data": {
            "type": "array",
            "items": {
              "$ref": "#/components/schemas/SalesTransaction"
            },
            "nullable": true
          }
        },
        "additionalProperties": false
      },
      "PhoneNumberQueryResponse": {
        "type": "object",
        "properties": {
          "StatusCode": {
            "type": "string",
            "nullable": true
          },
          "errormessage": {
            "type": "string",
            "nullable": true
          },
          "data": {
            "type": "array",
            "items": {
              "$ref": "#/components/schemas/SalesTransaction"
            },
            "nullable": true
          }
        },
        "additionalProperties": false
      },
      "ReceiptDetail": {
        "type": "object",
        "properties": {
          "ReceiptId": {
            "type": "string",
            "nullable": true
          },
          "ReceiptHeaderSection1": {
            "type": "string",
            "nullable": true
          },
          "ReceiptHeaderSection2": {
            "type": "string",
            "nullable": true
          },
          "ReceiptHeaderSection3": {
            "type": "string",
            "nullable": true
          },
          "ReceiptHeaderSection4": {
            "type": "string",
            "nullable": true
          },
          "ReceiptHeaderSection5": {
            "type": "string",
            "nullable": true
          },
          "ReceiptHeaderSection6": {
            "type": "string",
            "nullable": true
          },
          "ReceiptFooterSection1": {
            "type": "string",
            "nullable": true
          },
          "ReceiptFooterSection2": {
            "type": "string",
            "nullable": true
          },
          "ReceiptFooterSection3": {
            "type": "string",
            "nullable": true
          },
          "ReceiptFooterSection4": {
            "type": "string",
            "nullable": true
          },
          "ReceiptFooterSection5": {
            "type": "string",
            "nullable": true
          },
          "ReceiptFooterSection6": {
            "type": "string",
            "nullable": true
          }
        },
        "additionalProperties": false
      },
      "RedeemedRainchecks": {
        "type": "object",
        "properties": {
          "RaincheckId": {
            "type": "string",
            "nullable": true
          },
          "ItemPriceOriginal": {
            "type": "string",
            "format": "decimal",
            "nullable": true,
            "example": "40.99"
          },
          "ItemPriceNew": {
            "type": "string",
            "format": "decimal",
            "nullable": true,
            "example": "40.99"
          },
          "ItemMsuOriginal": {
            "type": "string",
            "nullable": true
          },
          "ItemMsuNew": {
            "type": "string",
            "nullable": true
          }
        },
        "additionalProperties": false
      },
      "SalesTransaction": {
        "type": "object",
        "properties": {
          "id": {
            "type": "string",
            "nullable": true
          },
          "TransactionId": {
            "type": "string",
            "nullable": true
          },
          "SchemaVersion": {
            "type": "string",
            "nullable": true
          },
          "EventId": {
            "type": "string",
            "nullable": true
          },
          "EventType": {
            "type": "string",
            "nullable": true
          },
          "TransactionBusinessDate": {
            "type": "string",
            "format": "date",
            "nullable": true,
            "example": "2014-03-22"
          },
          "TransactionDatetimeLocal": {
            "type": "string",
            "format": "date-time",
            "nullable": true,
            "example": "2021-01-07T15:48:20.0000000-05:00"
          },
          "TransactionDatetimeUtc": {
            "type": "string",
            "format": "date-time",
            "nullable": true,
            "example": "1994-11-05T13:15:30Z"
          },
          "IsTransactionVoidFlag": {
            "type": "boolean"
          },
          "IsTransactionSavedFlag": {
            "type": "boolean"
          },
          "IsTransactionTrainingFlag": {
            "type": "boolean"
          },
          "IsSyntheticFlag": {
            "type": "boolean"
          },
          "SourceSystemId": {
            "type": "integer",
            "format": "int32"
          },
          "TransactionSummary": {
            "$ref": "#/components/schemas/TransactionSummary"
          },
          "CustomerSelfIdentifications": {
            "type": "array",
            "items": {
              "$ref": "#/components/schemas/CustomerSelfIdentifications"
            },
            "nullable": true
          },
          "ReceiptDetail": {
            "$ref": "#/components/schemas/ReceiptDetail"
          },
          "LineItems": {
            "type": "array",
            "items": {
              "$ref": "#/components/schemas/LineItems"
            },
            "nullable": true
          },
          "Tenders": {
            "type": "array",
            "items": {
              "$ref": "#/components/schemas/Tenders"
            },
            "nullable": true
          }
        },
        "additionalProperties": false
      },
      "SalesTransactionSearchByQueries": {
        "type": "object",
        "properties": {
          "searchrequestid": {
            "type": "string",
            "nullable": true
          },
          "queries": {
            "type": "array",
            "items": {
              "type": "string"
            },
            "nullable": true
          },
          "data": {
            "$ref": "#/components/schemas/SearchData"
          }
        },
        "additionalProperties": false
      },
      "SalesTransactionSearchByQueriesResponse": {
        "type": "object",
        "properties": {
          "searchrequestid": {
            "type": "string",
            "nullable": true
          },
          "phonenumber_itemid_query_response": {
            "$ref": "#/components/schemas/PhoneNumberQueryResponse"
          },
          "transactionid_query_response": {
            "$ref": "#/components/schemas/SalesTransactionsQueryResponse"
          },
          "partialcardnumber_query_response": {
            "$ref": "#/components/schemas/PartialCardNumberQueryResponse"
          },
          "receiptid_query_response": {
            "$ref": "#/components/schemas/SalesTransactionsQueryResponse"
          }
        },
        "additionalProperties": false
      },
      "SalesTransactionsQueryResponse": {
        "type": "object",
        "properties": {
          "statuscode": {
            "type": "string",
            "nullable": true
          },
          "errormessage": {
            "type": "string",
            "nullable": true
          },
          "data": {
            "type": "array",
            "items": {
              "$ref": "#/components/schemas/SalesTransaction"
            },
            "nullable": true
          }
        },
        "additionalProperties": false
      },
      "SearchData": {
        "type": "object",
        "properties": {
          "itemid": {
            "type": "array",
            "items": {
              "type": "string"
            },
            "nullable": true
          },
          "transactionid": {
            "type": "array",
            "items": {
              "type": "string"
            },
            "nullable": true
          },
          "storeid": {
            "type": "integer",
            "format": "int32",
            "nullable": true
          },
          "phonenumber": {
            "type": "string",
            "nullable": true
          },
          "firstsixcardno": {
            "type": "string",
            "nullable": true
          },
          "lastfourcardno": {
            "type": "string",
            "nullable": true
          },
          "daterange": {
            "$ref": "#/components/schemas/DateRange"
          },
          "receiptId": {
            "type": "array",
            "items": {
              "type": "string"
            },
            "nullable": true
          }
        },
        "additionalProperties": false
      },
      "Sources": {
        "type": "object",
        "properties": {
          "Source": {
            "type": "string",
            "nullable": true
          }
        },
        "additionalProperties": false
      },
      "TenderEft": {
        "type": "object",
        "properties": {
          "EftToken": {
            "type": "string",
            "nullable": true
          },
          "EftCardType": {
            "type": "string",
            "nullable": true
          },
          "EftAccountNumber": {
            "type": "string",
            "nullable": true
          },
          "EftAccountNumberFirstSix": {
            "type": "string",
            "nullable": true
          },
          "EftAccountNumberLastFour": {
            "type": "string",
            "nullable": true
          },
          "IsEftTenderFsaFlag": {
            "type": "boolean"
          },
          "EftPaymentAccountReference": {
            "type": "string",
            "nullable": true
          },
          "EftTraceId": {
            "type": "string",
            "nullable": true
          },
          "EftAuthorizationId": {
            "type": "string",
            "nullable": true
          },
          "EftReferenceId": {
            "type": "string",
            "nullable": true
          }
        },
        "additionalProperties": false
      },
      "TenderEwic": {
        "type": "object",
        "properties": {
          "EWicState": {
            "type": "string",
            "nullable": true
          },
          "EWicItems": {
            "type": "array",
            "items": {
              "$ref": "#/components/schemas/EWicItems"
            },
            "nullable": true
          }
        },
        "additionalProperties": false
      },
      "Tenders": {
        "type": "object",
        "properties": {
          "TenderType": {
            "type": "integer",
            "format": "int32"
          },
          "TenderAmount": {
            "type": "string",
            "format": "decimal",
            "nullable": true,
            "example": "40.99"
          },
          "TenderFee": {
            "type": "string",
            "nullable": true
          },
          "IsTenderIsChangeFlag": {
            "type": "boolean"
          },
          "IsTenderVoidFlag": {
            "type": "boolean"
          },
          "IsTenderRefundFlag": {
            "type": "boolean"
          },
          "TenderEft": {
            "$ref": "#/components/schemas/TenderEft"
          },
          "TenderEwic": {
            "$ref": "#/components/schemas/TenderEwic"
          }
        },
        "additionalProperties": false
      },
      "TransactionSummary": {
        "type": "object",
        "properties": {
          "TransactionType": {
            "type": "string",
            "nullable": true
          },
          "FulfillmentStoreId": {
            "type": "integer",
            "format": "int32"
          },
          "LaneId": {
            "type": "integer",
            "format": "int32"
          },
          "CashierId": {
            "type": "string",
            "nullable": true
          },
          "ExternalOrderId": {
            "type": "string",
            "nullable": true
          },
          "InternalOrderId": {
            "type": "string",
            "nullable": true
          },
          "RingElapsedTime": {
            "type": "integer",
            "format": "int32"
          },
          "TenderElapsedTime": {
            "type": "integer",
            "format": "int32"
          },
          "IdleElapsedTime": {
            "type": "integer",
            "format": "int32"
          },
          "LockElapsedTime": {
            "type": "integer",
            "format": "int32"
          },
          "FulfillmentDatetimeLocal": {
            "type": "string",
            "format": "date-time",
            "nullable": true,
            "example": "2021-01-07T15:48:20.0000000-05:00"
          },
          "FulfillmentDatetimeUtc": {
            "type": "string",
            "format": "date-time",
            "nullable": true,
            "example": "1994-11-05T13:15:30Z"
          },
          "TotalPreTaxAmount": {
            "type": "string",
            "format": "decimal",
            "nullable": true,
            "example": "40.99"
          },
          "TotalTaxAmount": {
            "type": "string",
            "format": "decimal",
            "nullable": true,
            "example": "40.99"
          },
          "TotalAmount": {
            "type": "string",
            "format": "decimal",
            "nullable": true,
            "example": "40.99"
          },
          "RefundSystemId": {
            "type": "integer",
            "format": "int32",
            "nullable": true
          },
          "Sources": {
            "type": "array",
            "items": {
              "$ref": "#/components/schemas/Sources"
            },
            "nullable": true
          }
        },
        "additionalProperties": false
      }
    }
  }
}